{"type": "block", "layer": 4, "block": 0, "features": [{"geom": {"lines": [[[40.241531067500055, -21.495131067075576, 3.179073845398145], [40.016043923305524, -21.28698750392063, 3.183656650472669]], [[40.016043923305524, -21.28698750392063, 3.183656650472669], [39.807901215012556, -21.286986714106, 3.1866395760262916]], [[39.807901215012556, -21.286986714106, 3.1866395760262916], [38.09072893934924, -19.951397825064443, 3.232581620314143]], [[38.09072893934924, -19.951397825064443, 3.232581620314143], [37.03267418688221, -18.893335046909623, 3.2885602005401]], [[37.03267418688221, -18.893335046909623, 3.2885602005401], [36.11337775167567, -18.75456975349731, 3.3149027282158134]], [[36.11337775167567, -18.75456975349731, 3.3149027282158134], [35.402225472720616, -18.234210286154504, 3.3751068203230417]], [[35.402225472720616, -18.234210286154504, 3.3751068203230417], [34.98594426833227, -17.12411426631046, 3.482365480761664]], [[34.98594426833227, -17.12411426631046, 3.482365480761664], [33.71974463548576, -16.638443143952937, 3.5131547018192335]], [[33.71974463548576, -16.638443143952937, 3.5131547018192335], [33.407531527316046, -16.386936187599975, 3.5090187968023026]], [[33.407531527316046, -16.386936187599975, 3.5090187968023026], [32.69637727379989, -16.386933488853547, 3.566974399364262]], [[32.69637727379989, -16.386933488853547, 3.566974399364262], [32.10664098229318, -16.022681512822857, 3.609575090641132]], [[32.10664098229318, -16.022681512822857, 3.609575090641132], [31.44752253745323, -15.987988560367036, 3.647323778162423]], [[31.44752253745323, -15.987988560367036, 3.647323778162423], [30.892475644228202, -15.901260325989758, 3.695502780310469]], [[30.892475644228202, -15.901260325989758, 3.695502780310469], [30.30274001085961, -15.363556093625661, 3.7540247587491415]], [[30.30274001085961, -15.363556093625661, 3.7540247587491415], [29.73034808936482, -15.224792116471555, 3.8481550683419012]], [[29.73034808936482, -15.224792116471555, 3.8481550683419012], [29.314067082415352, -14.062660419613401, 4.060447719220095]], [[29.314067082415352, -14.062660419613401, 4.060447719220095], [29.678319257359664, -13.420888453567198, 4.137827216501846]], [[29.678319257359664, -13.420888453567198, 4.137827216501846], [29.383455027811635, -12.206721540531554, 4.456810261501774]], [[29.383455027811635, -12.206721540531554, 4.456810261501774], [29.244697204290038, -11.157334863499681, 4.674333004170735]], [[29.244697204290038, -11.157334863499681, 4.674333004170735], [28.62027434472735, -9.769714443584665, 4.973191557321663]], [[28.62027434472735, -9.769714443584665, 4.973191557321663], [28.901183820980002, -8.837944394966474, 5.216560398076135], [28.771096955473364, -8.224666280940207, 5.339509711975095], [29.904743549877498, -5.009609118244189, 6.468224241361175], [30.313596074238625, -4.805184796380943, 6.568423620094786], [29.886167489824402, -2.8724294613567367, 7.308217135907774], [30.98264130069768, -0.8281748878050076, 7.6508707604387345], [30.47130254687602, 0.25458744537909256, 8.190489346901332], [28.120692813237767, 2.7957491856389654, 8.595631849536167], [25.218289710996235, 6.766983467430184, 9.919640191738349], [25.40908982683939, 7.46079176845662, 10.14820423929893], [23.882716679572468, 9.230010576109326, 10.92203324003962], [23.865387450594255, 13.444900470324024, 12.143410341265856], [27.014707284735817, 16.177517692272325, 12.499159422983618], [24.58974487290323, 14.503789887647683, 12.298400725706896], [16.282621551122656, 14.726831461979186, 11.611546340404981], [15.316242926849966, 14.262230871783983, 11.515480976248126], [10.112686569535489, 17.25430204497134, 12.027042405795427], [5.039203745264609, 16.120686912152433, 11.84771525070535], [0.8577584195366139, 14.28086992054776, 11.96494371454387], [-1.0378309126661767, 13.240163576718416, 11.719617512031224], [-1.446684918863439, 12.645471678047665, 11.698440801180297], [-1.130755644044934, 12.218034561176745, 11.883573119962662], [-2.357315264518273, 11.065820655996617, 12.308686988792244], [-6.459119834533733, 11.070714738687268, 12.031899324695464], [-8.37858584562211, 11.233101042773924, 12.0983331733585], [-10.906038665652018, 9.74637700880342, 12.095719828859274], [-12.299856948888294, 8.296817012551784, 12.319717329130844], [-14.009611136955414, 5.527782121334575, 12.74860376037554], [-14.33140184794257, 3.8452191900479646, 12.978912306130482], [-16.406981605548587, 2.2383930700203543, 13.042663998271886], [-26.516786964971544, -2.1474327621465306, 13.09886602852664], [-31.887624281411064, -5.325305508436179, 11.888706799304458], [-31.86002956947266, -6.2124672757124015, 11.684536991774262], [-31.145503314995093, -7.145318074295209, 12.088367528926991], [-30.36759322534388, -6.996731567201499, 12.397359975685088]], [[-30.36759322534388, -6.996731567201499, 12.397359975685088], [-30.263374052031732, -6.976824944134751, 12.420023328690379], [-30.255760901614448, -6.980112475167879, 12.422657846119574]], [[-30.255760901614448, -6.980112475167879, 12.422657846119574], [-29.84803327324901, -7.156178513262877, 12.554411696093977]], [[-29.84803327324901, -7.156178513262877, 12.554411696093977], [-29.827266233677207, -7.1651461919918775, 12.561143175472479], [-29.82510932078015, -7.166840922498147, 12.562015046481624]], [[-29.82510932078015, -7.166840922498147, 12.562015046481624], [-28.16212952710242, -8.473478103557131, 13.221200193192347], [-27.944085490857034, -11.169422575812748, 13.462113352158267], [-28.031743489120505, -11.87066493837398, 13.462113352158267]], [[-28.031743489120505, -11.87066493837398, 13.462113352158267], [-28.35047168728008, -14.420411899516466, 13.564402801550402], [-31.730316691677107, -15.441289498173061, 13.743559060848574], [-32.928501839140864, -15.63997884477106, 13.767410366460428]], [[-32.928501839140864, -15.63997884477106, 13.767410366460428], [-33.70271788900514, -15.768363411545291, 13.785024731843807], [-35.95593033674749, -17.56365095512918, 13.6752219170164]], [[-35.95593033674749, -17.56365095512918, 13.6752219170164], [-36.007161991099935, -17.60447069717696, 13.6752219170164], [-39.72895515926641, -18.474195746490224, 14.007916702700484], [-35.95593033674749, -17.56365095512918, 13.6752219170164]], [[-35.95593033674749, -17.56365095512918, 13.6752219170164], [-35.94025880826106, -17.559868942206435, 13.6752219170164], [-33.6729832162959, -15.76836352432671, 13.7858928219726], [-32.928501839140864, -15.63997884477106, 13.767410366460428]], [[-32.928501839140864, -15.63997884477106, 13.767410366460428], [-31.737459309022498, -15.434585374552258, 13.743085694628517], [-28.380206322380857, -14.41050022927792, 13.56361637843721], [-28.031743489120505, -11.87066493837398, 13.462113352158267]], [[-28.031743489120505, -11.87066493837398, 13.462113352158267], [-27.934173895677496, -11.15951105597202, 13.462113352158267], [-28.122483334446073, -8.483389811508715, 13.233090305722968], [-29.807443156149667, -7.1750578247611365, 12.56784894486459], [-29.82510932078015, -7.166840922498147, 12.562015046481624]], [[-29.82510932078015, -7.166840922498147, 12.562015046481624], [-29.84803327324901, -7.156178513262877, 12.554411696093977]], [[-29.84803327324901, -7.156178513262877, 12.554411696093977], [-30.23363937933078, -6.976825056982514, 12.426855379486241], [-30.255760901614448, -6.980112475167879, 12.422657846119574]], [[-30.255760901614448, -6.980112475167879, 12.422657846119574], [-30.36759322534388, -6.996731567201499, 12.397359975685088]], [[-30.36759322534388, -6.996731567201499, 12.397359975685088], [-31.125680063514586, -7.109388753540031, 12.097276795388181], [-31.860029400221563, -6.167865266895707, 11.66239161937718], [-31.391707008864312, -5.76149318268675, 11.546971172522936], [-29.46301065379986, -5.626378269716401, 11.686402478139883], [-29.106194618979963, -5.636291181343806, 11.661415396070321], [-27.817690179422392, -5.120895080315933, 11.226837983719964], [-27.074324828801615, -5.50744864456784, 10.707390393934691], 